line,station_name,code,sequence,latitude,longitude,gauge,electrification
South Line,Chennai Beach,MSB,1,13.0945,80.2912,Broad Gauge (1676mm),25 kV AC
South Line,Chennai Fort,MSF,2,13.0805,80.2835,Broad Gauge (1676mm),25 kV AC
South Line,Chennai Park,MPK,3,13.0784,80.2741,Broad Gauge (1676mm),25 kV AC
South Line,Chennai Egmore,MS,4,13.0792,80.2612,Broad Gauge (1676mm),25 kV AC
South Line,Mambalam,MBM,5,13.0378,80.2323,Broad Gauge (1676mm),25 kV AC
South Line,Guindy,GDY,6,13.0092,80.2131,Broad Gauge (1676mm),25 kV AC
South Line,Tambaram,TBM,7,12.9249,80.1197,Broad Gauge (1676mm),25 kV AC
South Line,Chengalpattu Junction,CGL,8,12.6941,79.9774,Broad Gauge (1676mm),25 kV AC
West Line,Chennai Central (MMC),MASS,1,13.0827,80.2707,Broad Gauge (1676mm),25 kV AC
West Line,Basin Bridge,BBQ,2,13.0978,80.2641,Broad Gauge (1676mm),25 kV AC
West Line,Perambur,PER,3,13.1091,80.2435,Broad Gauge (1676mm),25 kV AC
West Line,Ambattur,ABU,4,13.1189,80.1542,Broad Gauge (1676mm),25 kV AC
West Line,Avadi,AVD,5,13.1167,80.1,Broad Gauge (1676mm),25 kV AC
West Line,Tiruvallur,TRL,6,13.1444,79.9103,Broad Gauge (1676mm),25 kV AC
West Line,Arakkonam Junction,AJJ,7,13.085,79.6677,Broad Gauge (1676mm),25 kV AC
North Line,Chennai Central (MMC),MASS,1,13.0827,80.2707,Broad Gauge (1676mm),25 kV AC
North Line,Basin Bridge,BBQ,2,13.0978,80.2641,Broad Gauge (1676mm),25 kV AC
North Line,Korukkupet,KOK,3,13.1118,80.2736,Broad Gauge (1676mm),25 kV AC
North Line,Ennore,ENR,4,13.2161,80.3247,Broad Gauge (1676mm),25 kV AC
North Line,Gummidipoondi,GPD,5,13.4072,80.1235,Broad Gauge (1676mm),25 kV AC
North Line,Sullurpeta,SPE,6,13.7008,80.0219,Broad Gauge (1676mm),25 kV AC
MRTS Line,Chennai Beach,MSB,1,13.0945,80.2912,Broad Gauge (1676mm),25 kV AC
MRTS Line,Chintadripet,MCPT,2,13.0734,80.2731,Broad Gauge (1676mm),25 kV AC
MRTS Line,Chepauk,MCC,3,13.0645,80.2801,Broad Gauge (1676mm),25 kV AC
MRTS Line,Thirumayilai,MTMY,4,13.0332,80.2694,Broad Gauge (1676mm),25 kV AC
MRTS Line,Kasturiba Nagar,MKTN,5,13.0069,80.2536,Broad Gauge (1676mm),25 kV AC
MRTS Line,Velachery,VLCY,6,12.9774,80.2152,Broad Gauge (1676mm),25 kV AC
