station_id,station_name,rail_id,route,sequence_in_line,status,type,latitude,longitude,km_from_start
1,Chennai Beach,1,SUBURBAN MRTS (Chennai Beach to Velachery),1,Operational,SOUTHERN RAILWAYS MRTS IN OPERATIONAL,13.0922379997216,80.2920589998549,0.00
2,Chennai Fort,1,SUBURBAN MRTS (Chennai Beach to Velachery),2,Operational,SOUTHERN RAILWAYS MRTS IN OPERATIONAL,13.0832459997062,80.2827929995524,2.00
3,Parktown,1,SUBURBAN MRTS (Chennai Beach to Velachery),3,Operational,SOUTHERN RAILWAYS MRTS IN OPERATIONAL,13.0794680002777,80.2766959997161,2.54
4,Chintadripet,1,SUBURBAN MRTS (Chennai Beach to Velachery),4,Operational,SOUTHERN RAILWAYS MRTS IN OPERATIONAL,13.0738710001768,80.2738420000447,3.43
5,Chepauk,1,SUBURBAN MRTS (Chennai Beach to Velachery),5,Operational,SOUTHERN RAILWAYS MRTS IN OPERATIONAL,13.061830000424,80.2805580002706,5.00
6,Tiruvelikeni,1,SUBURBAN MRTS (Chennai Beach to Velachery),6,Operational,SOUTHERN RAILWAYS MRTS IN OPERATIONAL,13.0553240003087,80.280575000116,5.74
7,Light House,1,SUBURBAN MRTS (Chennai Beach to Velachery),7,Operational,SOUTHERN RAILWAYS MRTS IN OPERATIONAL,13.04495600029,80.2767070004018,6.95
8,Mundakanni Amman Koil,1,SUBURBAN MRTS (Chennai Beach to Velachery),8,Operational,SOUTHERN RAILWAYS MRTS IN OPERATIONAL,13.0405509995832,80.26987399957,7.88
9,Thirumayilai,1,SUBURBAN MRTS (Chennai Beach to Velachery),9,Operational,SOUTHERN RAILWAYS MRTS IN OPERATIONAL,13.0348490000323,80.2670170001798,8.66
10,Mandaveli,1,SUBURBAN MRTS (Chennai Beach to Velachery),10,Operational,SOUTHERN RAILWAYS MRTS IN OPERATIONAL,13.027834000258,80.2604779999415,9.67
11,Greenways Road,1,SUBURBAN MRTS (Chennai Beach to Velachery),11,Operational,SOUTHERN RAILWAYS MRTS IN OPERATIONAL,13.0205589997133,80.2519699998247,11.02
12,Kotturpuram,1,SUBURBAN MRTS (Chennai Beach to Velachery),12,Operational,SOUTHERN RAILWAYS MRTS IN OPERATIONAL,13.0136979996865,80.248296999937,11.89
13,Kasturiba Nagar,1,SUBURBAN MRTS (Chennai Beach to Velachery),13,Operational,SOUTHERN RAILWAYS MRTS IN OPERATIONAL,13.0052869995943,80.2476759996492,12.82
14,Indira Nagar,1,SUBURBAN MRTS (Chennai Beach to Velachery),14,Operational,SOUTHERN RAILWAYS MRTS IN OPERATIONAL,12.9959719999342,80.2496449998962,13.80
15,Thiruvanmiyur,1,SUBURBAN MRTS (Chennai Beach to Velachery),15,Operational,SOUTHERN RAILWAYS MRTS IN OPERATIONAL,12.9895290002204,80.2513600003078,14.66
16,Taramani,1,SUBURBAN MRTS (Chennai Beach to Velachery),16,Operational,SOUTHERN RAILWAYS MRTS IN OPERATIONAL,12.9786400001934,80.2408840004075,16.57
17,Perungudi,1,SUBURBAN MRTS (Chennai Beach to Velachery),17,Operational,SOUTHERN RAILWAYS MRTS IN OPERATIONAL,12.9752469998751,80.2314130001552,17.71
18,Velachery,1,SUBURBAN MRTS (Chennai Beach to Velachery),18,Operational,SOUTHERN RAILWAYS MRTS IN OPERATIONAL,12.9673179998234,80.2195199995401,19.34
51,Chennai Beach,2,SUBURBAN(Chennai Beach to Tambaram),1,Operational,SOUTHERN RAILWAYS SUBURBAN _BEACH TO TAMBARAM,13.0922379997216,80.2920589998549,0.00
52,Chennai Fort,2,SUBURBAN(Chennai Beach to Tambaram),2,Operational,SOUTHERN RAILWAYS SUBURBAN _BEACH TO TAMBARAM,13.0832459997062,80.2827929995524,2.00
53,Parktown,2,SUBURBAN(Chennai Beach to Tambaram),3,Operational,SOUTHERN RAILWAYS SUBURBAN _BEACH TO TAMBARAM,13.0794680002777,80.2766959997161,2.54
54,Chennai Park,2,SUBURBAN(Chennai Beach to Tambaram),4,Operational,SOUTHERN RAILWAYS SUBURBAN _BEACH TO TAMBARAM,13.0806440000179,80.2730769995558,3.21
55,Chennai Egmore,2,SUBURBAN(Chennai Beach to Tambaram),5,Operational,SOUTHERN RAILWAYS SUBURBAN _BEACH TO TAMBARAM,13.0781160000204,80.2613110002484,4.32
56,Chetpet,2,SUBURBAN(Chennai Beach to Tambaram),6,Operational,SOUTHERN RAILWAYS SUBURBAN _BEACH TO TAMBARAM,13.0740740004334,80.2421329999627,6.44
57,Nungambakkam,2,SUBURBAN(Chennai Beach to Tambaram),7,Operational,SOUTHERN RAILWAYS SUBURBAN _BEACH TO TAMBARAM,13.0649500002801,80.2326900003923,8.15
58,Kodambakkam,2,SUBURBAN(Chennai Beach to Tambaram),8,Operational,SOUTHERN RAILWAYS SUBURBAN _BEACH TO TAMBARAM,13.0518209995695,80.2306889998315,9.68
59,Mambalam,2,SUBURBAN(Chennai Beach to Tambaram),9,Operational,SOUTHERN RAILWAYS SUBURBAN _BEACH TO TAMBARAM,13.0376580002612,80.2276289997627,11.29
60,Saidapet,2,SUBURBAN(Chennai Beach to Tambaram),10,Operational,SOUTHERN RAILWAYS SUBURBAN _BEACH TO TAMBARAM,13.0239360001781,80.2238929999532,12.90
61,Guindy,2,SUBURBAN(Chennai Beach to Tambaram),11,Operational,SOUTHERN RAILWAYS SUBURBAN _BEACH TO TAMBARAM,13.0087460003434,80.2130779996719,15.50
62,St Thomas Mount,2,SUBURBAN(Chennai Beach to Tambaram),12,Operational,SOUTHERN RAILWAYS SUBURBAN _BEACH TO TAMBARAM,12.995017000161,80.19935800015,17.12
63,Pazhavanthangal,2,SUBURBAN(Chennai Beach to Tambaram),13,Operational,SOUTHERN RAILWAYS SUBURBAN _BEACH TO TAMBARAM,12.9900940004075,80.1866639996407,19.11
64,Meenambakkam,2,SUBURBAN(Chennai Beach to Tambaram),14,Operational,SOUTHERN RAILWAYS SUBURBAN _BEACH TO TAMBARAM,12.9845320001438,80.1747880001343,20.05
65,Tirusulam,2,SUBURBAN(Chennai Beach to Tambaram),15,Operational,SOUTHERN RAILWAYS SUBURBAN _BEACH TO TAMBARAM,12.9802250003298,80.1656209995463,21.22
66,Pallavaram,2,SUBURBAN(Chennai Beach to Tambaram),16,Operational,SOUTHERN RAILWAYS SUBURBAN _BEACH TO TAMBARAM,12.9681669998648,80.1524789998611,23.15
67,Chromepet,2,SUBURBAN(Chennai Beach to Tambaram),17,Operational,SOUTHERN RAILWAYS SUBURBAN _BEACH TO TAMBARAM,12.9517900001315,80.1410410004355,25.34
68,Tambaram Sanatorium,2,SUBURBAN(Chennai Beach to Tambaram),18,Operational,SOUTHERN RAILWAYS SUBURBAN _BEACH TO TAMBARAM,12.9384009999217,80.1317119999745,27.29
69,Tambaram,2,SUBURBAN(Chennai Beach to Tambaram),19,Operational,SOUTHERN RAILWAYS SUBURBAN _BEACH TO TAMBARAM,12.9253149995789,80.1177999996066,29.14
19,Chennai Beach,3,SUBURBAN(Chennai Beach to Tiruttani),1,Operational,SOUTHERN RAILWAYS SUBURBAN _BEACH TO TIRUTTANI,13.0922379997216,80.2920589998549,0.00
20,Royapuram,3,SUBURBAN(Chennai Beach to Tiruttani),2,Operational,SOUTHERN RAILWAYS SUBURBAN _BEACH TO TIRUTTANI,13.1040629998701,80.2935450003667,1.23
21,Washermanpet,3,SUBURBAN(Chennai Beach to Tiruttani),3,Operational,SOUTHERN RAILWAYS SUBURBAN _BEACH TO TIRUTTANI,13.1087219999139,80.282534999847,2.74
22,Chennai Central,3,SUBURBAN(Chennai Beach to Tiruttani),4,Operational,SOUTHERN RAILWAYS SUBURBAN _BEACH TO TIRUTTANI,13.0839999996542,80.2740980000725,6.88
23,Basin Bridge,3,SUBURBAN(Chennai Beach to Tiruttani),5,Operational,SOUTHERN RAILWAYS SUBURBAN _BEACH TO TIRUTTANI,13.1026700002777,80.2712210003173,9.10
119,Veysarpadi,3,SUBURBAN(Chennai Beach to Tiruttani),6,Operational,SOUTHERN RAILWAYS SUBURBAN _BEACH TO TIRUTTANI,13.108535,80.256817,10.49
24,Vyasarpadi Jeeva,3,SUBURBAN(Chennai Beach to Tiruttani),7,Operational,SOUTHERN RAILWAYS SUBURBAN _BEACH TO TIRUTTANI,13.1089199996455,80.2573839998618,11.10
25,Perambur,3,SUBURBAN(Chennai Beach to Tiruttani),8,Operational,SOUTHERN RAILWAYS SUBURBAN _BEACH TO TIRUTTANI,13.1074949999693,80.2442829997004,12.50
26,Charrjage Works,3,SUBURBAN(Chennai Beach to Tiruttani),9,Operational,SOUTHERN RAILWAYS SUBURBAN _BEACH TO TIRUTTANI,13.1074780002209,80.2383999997696,13.16
27,Loco Works,3,SUBURBAN(Chennai Beach to Tiruttani),10,Operational,SOUTHERN RAILWAYS SUBURBAN _BEACH TO TIRUTTANI,13.1084069997735,80.2251899996458,14.62
28,Villivakkam,3,SUBURBAN(Chennai Beach to Tiruttani),11,Operational,SOUTHERN RAILWAYS SUBURBAN _BEACH TO TIRUTTANI,13.1102539999755,80.2094800002171,16.29
29,Korattur,3,SUBURBAN(Chennai Beach to Tiruttani),12,Operational,SOUTHERN RAILWAYS SUBURBAN _BEACH TO TIRUTTANI,13.113425000025,80.1835069996533,18.96
30,Pattaravakkam,3,SUBURBAN(Chennai Beach to Tiruttani),13,Operational,SOUTHERN RAILWAYS SUBURBAN _BEACH TO TIRUTTANI,13.1146109999686,80.1662040002129,20.47
31,Ambattur,3,SUBURBAN(Chennai Beach to Tiruttani),14,Operational,SOUTHERN RAILWAYS SUBURBAN _BEACH TO TIRUTTANI,13.1143040001466,80.152761000408,22.29
32,Thirumullaivoil,3,SUBURBAN(Chennai Beach to Tiruttani),15,Operational,SOUTHERN RAILWAYS SUBURBAN _BEACH TO TIRUTTANI,13.1153160002544,80.1372030002769,24.04
33,Annanur,3,SUBURBAN(Chennai Beach to Tiruttani),16,Operational,SOUTHERN RAILWAYS SUBURBAN _BEACH TO TIRUTTANI,13.1163580003136,80.1270240003009,25.21
34,Avadi,3,SUBURBAN(Chennai Beach to Tiruttani),17,Operational,SOUTHERN RAILWAYS SUBURBAN _BEACH TO TIRUTTANI,13.1182519995874,80.1015179999231,27.90
35,Hindu College,3,SUBURBAN(Chennai Beach to Tiruttani),18,Operational,SOUTHERN RAILWAYS SUBURBAN _BEACH TO TIRUTTANI,13.118612999937,80.0750000001086,30.17
36,Pattabiram,3,SUBURBAN(Chennai Beach to Tiruttani),19,Operational,SOUTHERN RAILWAYS SUBURBAN _BEACH TO TIRUTTANI,13.1188540001476,80.0650030003663,31.81
120,Nemilicherry,3,SUBURBAN(Chennai Beach to Tiruttani),20,Operational,SOUTHERN RAILWAYS SUBURBAN _BEACH TO TIRUTTANI,13.121643,80.045378,33.98
37,Tiruninravur,3,SUBURBAN(Chennai Beach to Tiruttani),21,Operational,SOUTHERN RAILWAYS SUBURBAN _BEACH TO TIRUTTANI,13.1238569999653,80.0282189997422,35.82
38,Veppambattu,3,SUBURBAN(Chennai Beach to Tiruttani),22,Operational,SOUTHERN RAILWAYS SUBURBAN _BEACH TO TIRUTTANI,13.1237660004306,79.9977459998845,39.21
39,Sevvapet Road,3,SUBURBAN(Chennai Beach to Tiruttani),23,Operational,SOUTHERN RAILWAYS SUBURBAN _BEACH TO TIRUTTANI,13.1250300003543,79.9656710004311,42.60
40,Putlur,3,SUBURBAN(Chennai Beach to Tiruttani),24,Operational,SOUTHERN RAILWAYS SUBURBAN _BEACH TO TIRUTTANI,13.1232689995793,79.9376080003951,45.68
41,Thiruvallur,3,SUBURBAN(Chennai Beach to Tiruttani),25,Operational,SOUTHERN RAILWAYS SUBURBAN _BEACH TO TIRUTTANI,13.1161239995591,79.9128509997214,48.53
42,Egattur,3,SUBURBAN(Chennai Beach to Tiruttani),26,Operational,SOUTHERN RAILWAYS SUBURBAN _BEACH TO TIRUTTANI,13.1068719996007,79.8842179998238,51.78
43,Kadambattur,3,SUBURBAN(Chennai Beach to Tiruttani),27,Operational,SOUTHERN RAILWAYS SUBURBAN _BEACH TO TIRUTTANI,13.0996540004282,79.8620510000726,54.13
44,Senjipanambakkam,3,SUBURBAN(Chennai Beach to Tiruttani),28,Operational,SOUTHERN RAILWAYS SUBURBAN _BEACH TO TIRUTTANI,13.0946179996182,79.8351549995745,57.13
45,Manavur,3,SUBURBAN(Chennai Beach to Tiruttani),29,Operational,SOUTHERN RAILWAYS SUBURBAN _BEACH TO TIRUTTANI,13.0964700004062,79.8015419997446,60.85
46,Thiruvalangadu,3,SUBURBAN(Chennai Beach to Tiruttani),30,Operational,SOUTHERN RAILWAYS SUBURBAN _BEACH TO TIRUTTANI,13.0898369995646,79.7586239999928,65.00
47,Mosur,3,SUBURBAN(Chennai Beach to Tiruttani),31,Operational,SOUTHERN RAILWAYS SUBURBAN _BEACH TO TIRUTTANI,13.0855250000099,79.7189440003668,70.58
48,Puliyamangalam,3,SUBURBAN(Chennai Beach to Tiruttani),32,Operational,SOUTHERN RAILWAYS SUBURBAN _BEACH TO TIRUTTANI,13.0834968254,79.6862378271,73.10
49,Arakkonam,3,SUBURBAN(Chennai Beach to Tiruttani),33,Operational,SOUTHERN RAILWAYS SUBURBAN _BEACH TO TIRUTTANI,13.0815749999218,79.6679490003887,75.36
50,Tiruttani,3,SUBURBAN(Chennai Beach to Tiruttani),34,Operational,SOUTHERN RAILWAYS SUBURBAN _BEACH TO TIRUTTANI,13.1792990001026,79.612427999688,88.11
70,Chennai Beach,4,SUBURBAN(Chennai Beach to Sullurpetta),1,Operational,SOUTHERN RAILWAYS SUBURBAN _BEACH TO SULLURPET,13.0922379997216,80.2920589998549,0.00
71,Royapuram,4,SUBURBAN(Chennai Beach to Sullurpetta),2,Operational,SOUTHERN RAILWAYS SUBURBAN _BEACH TO SULLURPET,13.1040629998701,80.2935450003667,1.23
72,Chennai Central,4,SUBURBAN(Chennai Beach to Sullurpetta),3,Operational,SOUTHERN RAILWAYS SUBURBAN _BEACH TO SULLURPET,13.0839999996542,80.2740980000725,6.88
73,Basin Bridge,4,SUBURBAN(Chennai Beach to Sullurpetta),4,Operational,SOUTHERN RAILWAYS SUBURBAN _BEACH TO SULLURPET,13.1026700002777,80.2712210003173,9.10
74,Korukkupet,4,SUBURBAN(Chennai Beach to Sullurpetta),5,Operational,SOUTHERN RAILWAYS SUBURBAN _BEACH TO SULLURPET,13.1198660000173,80.2782479999647,9.81
75,Tondiarpet,4,SUBURBAN(Chennai Beach to Sullurpetta),6,Operational,SOUTHERN RAILWAYS SUBURBAN _BEACH TO SULLURPET,13.1275259999499,80.2817359996706,10.96
76,V.O.C. Nagar,4,SUBURBAN(Chennai Beach to Sullurpetta),7,Operational,SOUTHERN RAILWAYS SUBURBAN _BEACH TO SULLURPET,13.1400160000508,80.2874140004366,12.40
77,Thiruvottiyur,4,SUBURBAN(Chennai Beach to Sullurpetta),8,Operational,SOUTHERN RAILWAYS SUBURBAN _BEACH TO SULLURPET,13.1595439997774,80.2962700000794,14.69
78,Wimco Nagar,4,SUBURBAN(Chennai Beach to Sullurpetta),9,Operational,SOUTHERN RAILWAYS SUBURBAN _BEACH TO SULLURPET,13.1806430000555,80.3059760002727,17.19
79,Kathikivakkam,4,SUBURBAN(Chennai Beach to Sullurpetta),10,Operational,SOUTHERN RAILWAYS SUBURBAN _BEACH TO SULLURPET,13.204515999986,80.3168519998061,20.21
80,Ennore,4,SUBURBAN(Chennai Beach to Sullurpetta),11,Operational,SOUTHERN RAILWAYS SUBURBAN _BEACH TO SULLURPET,13.21762799979,80.3216789995442,21.76
81,Attipattu Pudunagar,4,SUBURBAN(Chennai Beach to Sullurpetta),12,Operational,SOUTHERN RAILWAYS SUBURBAN _BEACH TO SULLURPET,13.2491440002314,80.2997820003573,25.98
82,Attipattu,4,SUBURBAN(Chennai Beach to Sullurpetta),13,Operational,SOUTHERN RAILWAYS SUBURBAN _BEACH TO SULLURPET,13.2612290001088,80.2893759999409,27.76
83,Nandiambakkam,4,SUBURBAN(Chennai Beach to Sullurpetta),14,Operational,SOUTHERN RAILWAYS SUBURBAN _BEACH TO SULLURPET,13.2687840002092,80.2760029999137,29.04
84,Minijur,4,SUBURBAN(Chennai Beach to Sullurpetta),15,Operational,SOUTHERN RAILWAYS SUBURBAN _BEACH TO SULLURPET,13.2819080000196,80.2599549997017,31.66
85,Anuppambattu,4,SUBURBAN(Chennai Beach to Sullurpetta),16,Operational,SOUTHERN RAILWAYS SUBURBAN _BEACH TO SULLURPET,13.3045369997674,80.2305539996658,35.67
86,Ponneri,4,SUBURBAN(Chennai Beach to Sullurpetta),17,Operational,SOUTHERN RAILWAYS SUBURBAN _BEACH TO SULLURPET,13.3325060002761,80.1991169999178,40.36
87,Kavaraipettai,4,SUBURBAN(Chennai Beach to Sullurpetta),18,Operational,SOUTHERN RAILWAYS SUBURBAN _BEACH TO SULLURPET,13.3637760001759,80.14690199992,47.04
88,Gummidipundi,4,SUBURBAN(Chennai Beach to Sullurpetta),19,Operational,SOUTHERN RAILWAYS SUBURBAN _BEACH TO SULLURPET,13.4093949996308,80.1236759999566,52.96
89,Elavur,4,SUBURBAN(Chennai Beach to Sullurpetta),20,Operational,SOUTHERN RAILWAYS SUBURBAN _BEACH TO SULLURPET,13.4588590004023,80.1158490000016,58.57
90,Arambakkam,4,SUBURBAN(Chennai Beach to Sullurpetta),21,Operational,SOUTHERN RAILWAYS SUBURBAN _BEACH TO SULLURPET,13.5331329999243,80.0747210001317,68.15
91,Tada,4,SUBURBAN(Chennai Beach to Sullurpetta),22,Operational,SOUTHERN RAILWAYS SUBURBAN _BEACH TO SULLURPET,13.5885539999874,80.0363850002731,75.61
92,Akkampet,4,SUBURBAN(Chennai Beach to Sullurpetta),23,Operational,SOUTHERN RAILWAYS SUBURBAN _BEACH TO SULLURPET,13.6446500003351,80.0197000000148,82.58
93,Sullurpetta,4,SUBURBAN(Chennai Beach to Sullurpetta),24,Operational,SOUTHERN RAILWAYS SUBURBAN _BEACH TO SULLURPET,13.6965620002703,80.0184609998726,88.07
114,Tambaram,5,SUBURBAN(Tambaram to Chengelpet),1,Operational,SOUTHERN RAILWAYS SUBURBAN _TAMBARAM TO CHENGALPET,12.9253149995789,80.1177999996066,0.00
94,Perungalathur,5,SUBURBAN(Tambaram to Chengelpet),2,Operational,SOUTHERN RAILWAYS SUBURBAN _TAMBARAM TO CHENGALPET,12.9056310004232,80.0953520002828,3.50
95,Vandalur,5,SUBURBAN(Tambaram to Chengelpet),3,Operational,SOUTHERN RAILWAYS SUBURBAN _TAMBARAM TO CHENGALPET,12.8913510001696,80.0847040003112,5.30
96,Urappakkam,5,SUBURBAN(Tambaram to Chengelpet),4,Operational,SOUTHERN RAILWAYS SUBURBAN _TAMBARAM TO CHENGALPET,12.867839000375,80.0723929999005,8.36
97,Guduvancheri,5,SUBURBAN(Tambaram to Chengelpet),5,Operational,SOUTHERN RAILWAYS SUBURBAN _TAMBARAM TO CHENGALPET,12.8449140003922,80.0572640004169,11.27
98,Potheri,5,SUBURBAN(Tambaram to Chengelpet),6,Operational,SOUTHERN RAILWAYS SUBURBAN _TAMBARAM TO CHENGALPET,12.821191000195,80.0370619998229,14.80
99,Kattangulathur,5,SUBURBAN(Tambaram to Chengelpet),7,Operational,SOUTHERN RAILWAYS SUBURBAN _TAMBARAM TO CHENGALPET,12.8057890004467,80.0266469998199,16.71
100,Maraimalai Nagar,5,SUBURBAN(Tambaram to Chengelpet),8,Operational,SOUTHERN RAILWAYS SUBURBAN _TAMBARAM TO CHENGALPET,12.7967679996733,80.0201830001313,17.84
101,Singaperumal Koil,5,SUBURBAN(Tambaram to Chengelpet),9,Operational,SOUTHERN RAILWAYS SUBURBAN _TAMBARAM TO CHENGALPET,12.7617310002265,80.0008190002351,22.34
102,Paranur,5,SUBURBAN(Tambaram to Chengelpet),10,Operational,SOUTHERN RAILWAYS SUBURBAN _TAMBARAM TO CHENGALPET,12.7302100004378,79.9838459998434,26.45
103,Chengelpet,5,SUBURBAN(Tambaram to Chengelpet),11,Operational,SOUTHERN RAILWAYS SUBURBAN _TAMBARAM TO CHENGALPET,12.6935674384806,79.9810778638194,30.70
104,Chengelpet,6,SUBURBAN(Chengelpet to Tirumalpur),1,Operational,SOUTHERN RAILWAYS SUBURBAN _CHENGALPET TO TIRUMALPUR,12.6935674384806,79.9810778638194,0.00
105,Reddypalayam,6,SUBURBAN(Chengelpet to Tirumalpur),2,Operational,SOUTHERN RAILWAYS SUBURBAN _CHENGALPET TO TIRUMALPUR,12.7288137614644,79.9529543348192,4.83
106,Villiambakkam,6,SUBURBAN(Chengelpet to Tirumalpur),3,Operational,SOUTHERN RAILWAYS SUBURBAN _CHENGALPET TO TIRUMALPUR,12.7519999997511,79.9340009997441,8.07
107,Palur,6,SUBURBAN(Chengelpet to Tirumalpur),4,Operational,SOUTHERN RAILWAYS SUBURBAN _CHENGALPET TO TIRUMALPUR,12.7663639997908,79.9068859998006,11.49
108,Palayasivaram,6,SUBURBAN(Chengelpet to Tirumalpur),5,Operational,SOUTHERN RAILWAYS SUBURBAN _CHENGALPET TO TIRUMALPUR,12.7767190001514,79.8774730003742,14.95
109,Walajabad,6,SUBURBAN(Chengelpet to Tirumalpur),6,Operational,SOUTHERN RAILWAYS SUBURBAN _CHENGALPET TO TIRUMALPUR,12.7977670003269,79.8172169998118,21.84
110,Nathapettai,6,SUBURBAN(Chengelpet to Tirumalpur),7,Operational,SOUTHERN RAILWAYS SUBURBAN _CHENGALPET TO TIRUMALPUR,12.8236599996766,79.7566300000331,29.26
111,Kanchipuram East,6,SUBURBAN(Chengelpet to Tirumalpur),8,Operational,SOUTHERN RAILWAYS SUBURBAN _CHENGALPET TO TIRUMALPUR,12.840863000165,79.7122699999752,34.62
112,Kancheepuram,6,SUBURBAN(Chengelpet to Tirumalpur),9,Operational,SOUTHERN RAILWAYS SUBURBAN _CHENGALPET TO TIRUMALPUR,12.8484390002968,79.7051720002925,35.95
113,Tirumalpur,6,SUBURBAN(Chengelpet to Tirumalpur),10,Operational,SOUTHERN RAILWAYS SUBURBAN _CHENGALPET TO TIRUMALPUR,12.9566219995869,79.6738050003958,48.59
115,BALAJI NAGAR,7,SUBURBAN MRTS (Velachery to St.Mount),1,Not in operation,SOUTHERN RAILWAYS MRTS NOT IN OPERATIONAL,12.9775031004665,80.2051491747775,
116,ADAMBAKKAM,7,SUBURBAN MRTS (Velachery to St.Mount),2,Not in operation,SOUTHERN RAILWAYS MRTS NOT IN OPERATIONAL,12.9834266276161,80.1963987845509,
117,THILAI GANGA NAGAR,7,SUBURBAN MRTS (Velachery to St.Mount),3,Not in operation,SOUTHERN RAILWAYS MRTS NOT IN OPERATIONAL,12.9890841986879,80.1955666230759,
118,(unnamed in source),7,SUBURBAN MRTS (Velachery to St.Mount),4,Operational,SOUTHERN RAILWAYS MRTS IN OPERATIONAL,12.9950126000749,80.1993491044089,
